{
  "IcoMoonType": "selection",
  "icons": [
    {
      "icon": {
        "paths": [
          "M200.4 486.57l-7.043-6.719-105.819 100.237 372.826 355.664 783.274-747.217-105.124-100.284-678.147 646.318-259.967-247.999z"
        ],
        "attrs": [
          {
            "fill": "rgb(255, 255, 255)",
            "stroke": "rgb(255, 255, 255)",
            "strokeLinejoin": "miter",
            "strokeLinecap": "butt",
            "strokeMiterlimit": "4",
            "strokeWidth": 20.480000000000004
          }
        ],
        "width": 1331,
        "isMulticolor": false,
        "isMulticolor2": false,
        "grid": 0,
        "tags": [
          "yes"
        ]
      },
      "attrs": [
        {
          "fill": "rgb(255, 255, 255)",
          "stroke": "rgb(255, 255, 255)",
          "strokeLinejoin": "miter",
          "strokeLinecap": "butt",
          "strokeMiterlimit": "4",
          "strokeWidth": 20.480000000000004
        }
      ],
      "properties": {
        "order": 35,
        "id": 0,
        "name": "yes",
        "prevSize": 32
      },
      "setIdx": 1,
      "setId": 7,
      "iconIdx": 0
    },
    {
      "icon": {
        "paths": [
          "M970.902 113.778v796.442h-849.539v-796.442h849.539zM970.902 0h-849.539c-66.75 0-121.363 51.2-121.363 113.778v796.442c0 62.58 54.613 113.78 121.363 113.78h849.539c66.751 0 121.364-51.2 121.364-113.78v-796.442c0-62.578-54.613-113.778-121.364-113.778z"
        ],
        "attrs": [
          {}
        ],
        "width": 1092,
        "isMulticolor": false,
        "isMulticolor2": false,
        "grid": 0,
        "tags": [
          "modal-vector"
        ]
      },
      "attrs": [
        {}
      ],
      "properties": {
        "order": 34,
        "id": 0,
        "name": "modal-vector",
        "prevSize": 32
      },
      "setIdx": 2,
      "setId": 6,
      "iconIdx": 1
    }
  ],
  "height": 1024,
  "preferences": {
    "showGlyphs": true,
    "showQuickUse": true,
    "showQuickUse2": true,
    "showSVGs": true,
    "fontPref": {
      "prefix": "icon-",
      "metadata": {
        "fontFamily": "icomoon"
      },
      "metrics": {
        "emSize": 1024,
        "baseline": 6.25,
        "whitespace": 50
      },
      "embed": false
    },
    "imagePref": {
      "prefix": "icon-",
      "png": true,
      "useClassSelector": true,
      "color": 0,
      "bgColor": 16777215,
      "classSelector": ".icon",
      "name": "icomoon"
    },
    "historySize": 50,
    "showCodes": true,
    "gridSize": 16,
    "showGrid": false
  }
}